manifest	327e1e7e924e84979b88ee1f1c29a3e11bdd3cfc15646309df29d0e4f4ed9a65	-
	README.md	100644	8e1dcda0409d735c1ff419709681ba32323069b3006fc3837363dab56feb4438
	docs/manual-checks/TEMPLATE.md	100644	8620210d637bf80d2b9e0ed53b1f6c33033c0cf68367e7e9ec16b83aa735608d
	internal/backlog/client.go	100644	f777fbe7b1e66ab246975b37088d09b2e0b2b4f049e4dac8ef00e1b1a8d6742f
	internal/backlog/client_test.go	100644	d3be3af829448bbaac56c6f50a89aac86fa7bd65d81e6103d1f7b1a4cbd5f7ea
	internal/backlog/group.go	100644	52d1a18135993d96d2631e4c6802073a7011158ad6d54ba176d55701eb9f40b1
	internal/backlog/group_test.go	100644	1696d4c9f4bbd5d9c3724761d575c9984c34b5079ba6a27cef05426ed580103b
	internal/backlog/limiter_test.go	100644	dcc748fdda72a3c41f223d36c6408e5b6cf6abb8ca91ff2ecd55f246f2073525
	internal/backlog/oauth.go	100644	fd53184feb6ffc7a8e9495ba9557fea90f023934d4fe95c1e2753bef871dbd99
	internal/backlog/oauth_test.go	100644	aacae1cb8effde285906190e17fdefe29672e8e276171300d02cb05ded36216a
	internal/backlog/oauth_types_test.go	100644	bbf99d5b4068981a4a2c562d9fa9ccf6428752bb90f1743b5731a067b40e8f66
	internal/backlog/projects.go	100644	d0b1cef98621f2ebb4c899bcc1419e7ed2c3ebd2fdf286dd43bfa5038bb5fd2d
	internal/backlog/projects_test.go	100644	9df25c2eee4c30eff4c189290e21150d65fc25f9916fbb3cd15879521541e2b8
	internal/backlog/projects_types_test.go	100644	7fcb70e8e5f1269d2b223f34c90b40abae01025fb218c39de8442ce6ba3dddd2
	internal/backlog/testdata/error_500_bait.json	100644	7f58835e5b812dd0306f049428cdc80b98e2bf3441a4b41fc565a96a2d8ebe06
	internal/backlog/testdata/projects_empty.json	100644	37517e5f3dc66819f61f5a7bb8ace1921282415f10551d2defa5c3eb0985b570
	internal/backlog/testdata/projects_ok.json	100644	93ed1f380808e1d3a8b913e0faf268d2e86e7d7c5e72091e6ccc9c3792251b40
	internal/backlog/testdata/token_invalid_grant.json	100644	51389b983a5376eb55313d5442802c6868de6152af01e28f69c0b8a75997cfd0
	internal/backlog/testdata/token_ok.json	100644	6e17cdc35d0a985df5d08f51dbeb6f0aa526ef2ef22b41afe9c3ddf7dd1b3a80
	internal/backlog/testdata/token_refreshed.json	100644	26608d60d9176f0e28aeebe5affb46e013f5170876301ac65dc0a41d50e4e23e
	internal/connection/change.go	100644	326c739505fb2d10d35815c3d38731fb33d4cb8888850cda67bcf3d2806d0cda
	internal/connection/change_test.go	100644	ec6776d47b59401b4984e0bead642d8dc8fcf1e8a6243c648275cfbe4b7a452a
	internal/connection/credentials_test.go	100644	0b85bf527997fefc1798dfe8085677d059cf58e435dbbedc6cd93e52b9d5675b
	internal/connection/events_test.go	100644	6928553f860673c21177960803908bc82a78c67b68494187a10e98f4113bdc67
	internal/connection/fakes_test.go	100644	a4b4ad227a287529c98d4479a4090f37d2fe78572fa1b74865ba1575ec29eef5
	internal/connection/lifecycle.go	100644	4dd801bbdd8f574daf83a011771993661c06b8770369f80f4e8e927065df8ec2
	internal/connection/lifecycle_test.go	100644	9a6a81eafdc4bc0653eb17caf11315b8a3685cbc1aff09a5bde30821fb171a41
	internal/connection/oauth.go	100644	b444a02e13a73a7fd84ec0f1f9c3ba247ca62694fe39b2c6274bd47cb31473bc
	internal/connection/oauth_config_test.go	100644	9d3cf47692abb1526fa4ae9914af8caf766874ce811278aa61f9bc1f19d78838
	internal/connection/oauth_flow_test.go	100644	a314e75da3e4f3f4f0bc13d7b1cde875e45aeb36128a18c08366ef858d8f4130
	internal/connection/project_key_test.go	100644	725fc1d6bd1fa3ff4cb87aecb0a8b5b81201a4e62b186d8f2299f358f6f44688
	internal/connection/projects.go	100644	5b8382c30e7f5111559652310cdd78c95201f2fbbc91d0e1a4897ede659dadc2
	internal/connection/projects_service_test.go	100644	1aaba885c0194bc32847b337fc5fa96a035103b405892ef947858272b209bd09
	internal/connection/record_compat_test.go	100644	83a32e0795358be1ae7699525c32d4784ba274da2f82568d7b4d6ce6e2e1ebe4
	internal/connection/service.go	100644	333a635b2b7d7d1173800504238796751b30a71d24730966893c1bd02d5da6f1
	internal/connection/service_test.go	100644	7b2be5453ec783cd9c69dceb2aeef2f723d8f6a5b4340bf848e5d519355c5b38
	internal/connection/state_token_test.go	100644	310eff6107b74b4d8f4aff5eb7dd078916fc6fd73f3c56f7a5d6a804d64c9e89
	internal/connection/store.go	100644	e0315d6a3dde13885b4baf9fe84ccc7a0fb1d66c44017d698470d2be211df5a6
	internal/connection/store_test.go	100644	9dfb82a19998def6d9981763be17fc346198d8ab4fb37b8f45e3bfd31489e620
	internal/connection/u2_helpers_test.go	100644	0be0372b7c619a0a51b8d7c4b4a8283c665573414a4d9a536b71ab9918dc959f
	internal/plugin/actions_test.go	100644	c0055cbe70474ab2d83eb54fa2a0c5d0e96def0fdc1f845aef02bfbe677346cc
	internal/plugin/actions_u2_test.go	100644	651e65a27406a500f6a925ae628c986877eefd54f0d9b26f278acd47e7bbe49e
	internal/plugin/config.go	100644	5cc4da784aa8c99d301c7a981dee2c225376ded9e6d1102da81f0ff4f41070b9
	internal/plugin/config_test.go	100644	4f8534fcc66723776a74f2193dba1d98c0abd15c11e4396b5444e55cc1435eee
	internal/plugin/manifest_test.go	100644	649fdda8dfa1528d26a080efb337a8a317966852b1d029f68d7d219ab57a6979
	internal/plugin/runtime.go	100644	8cbfd0a90bbf55950c0aba2b0aee466d1ce3818222fba3afea1092bb1fc51b68
	internal/plugin/webhook.go	100644	5075043eaf3a9e6dc11a258aa839ae22608a92731fd0469b16dba979a1d2e979
	internal/plugin/webhook_test.go	100644	fca456b62a80dd57f8372997bff71299bc9ed574a00cf8492c714d0ef979ebb4
	internal/testutil/testutil.go	100644	f5fb189e659106d83ac3d181e31436ec6e99ce777eb0e43cecef9ae8af4fb5ca
	internal/testutil/testutil_test.go	100644	4328568f8f6a4735d4ea510bd0665ae6f6726e194636b8138a8d39a2408f954e
	manifest.yaml	100644	07af77c4665ced8b4eaf4d6fcaafc78bce3cb8e6254a4cf901afe26c7f978c06
	ui/src/messages/en.ts	100644	e6a69e02006b4ccd74a79679eb94af8273c5c00310bddf981dff794f8b7eac72
	ui/src/settings/SettingsScreen.tsx	100644	023cde3a6ed6f92443b3176bd943c0183a2821145d110676b26e72086d21ebce
	ui/src/settings/confirm-dialog.test.tsx	100644	b093a6e24842b2e0f952a42c7ec54c2442118e332fe2cd5927cbfe65d501f9c5
	ui/src/settings/confirm-dialog.tsx	100644	9bb7637f41e714bb93b10cbffa7d720d561d5b339fae42964c7321909f918694
	ui/src/settings/connected-panel.test.tsx	100644	189649428ab310e4098837cfad3864c4046cc3cdfc64a595a124a31fb62266eb
	ui/src/settings/connected-panel.tsx	100644	730ab49af565e3e440bfa0dd780395c87837030561e90e28071279903b6f159b
	ui/src/settings/oauth.test.tsx	100644	306176608000e633c3f6dcf8d849bdb90fb5228e1a75a3be3f93c4dbea4f7cc5
	ui/src/settings/oauth.ts	100644	bc676bb9e8b1e74ba6c08b759cb48127127330c695d4801349329a50dd5b6d61
	ui/src/settings/project-picker.test.tsx	100644	054c64888cc8d87c07877c51a013b9121dc8b1a841e4719cd53bf9495bfc5b07
	ui/src/settings/project-picker.tsx	100644	3b7e7fb32e366d5bf17572c1b1e30d149d0685513a9716e7987c6d8a519a1849
	ui/src/settings/settings.test.tsx	100644	da2c83c007b44838139dd398aee4810d44c5b4c5feec14fb47708e91bf3cea40
	ui/src/settings/state.test.ts	100644	5ebc20fca6576447d329858c50de5d0346c1b5f22f85a5c7f7b6f089c3901719
	ui/src/settings/state.ts	100644	f23fd3e7ba6f7b72c2fe7a5d4dfebcd81bacd8cc0da40729d0d45ce61012d7b8
	ui/src/testing/harness.ts	100644	b4f967526b5c3bf4f3c3354598aba9bca8d864acbcb8cab0b45f0710b551b5a1
