manifest	34da2c2ca54bad991fce47523246176d33b048d753dc9fc96101bc09f88e15cf	-
	README.md	100644	6d46f9f2f201ba8f03c7f9966ef826df82f86220c32225ee3f38d39f0ccda69f
	docs/manual-checks/TEMPLATE.md	100644	06b4d9b0247303a82c21f9537189cde5da294c6016651b25aeec4f3ffd8c4e12
	internal/backlog/client.go	100644	9eae33edafd6b0f4c12416ff4d214c75efafbe2beade995d8d48824c8b8de209
	internal/backlog/git_client_test.go	100644	b05199fea0b304e4cb9d0796c760722886dca2bc431252a460cab2225b127764
	internal/backlog/pullrequests.go	100644	bbd3c882d23ed4131c4bc070837538d6cde0e9f0e1b6c73a0220733acb551ba7
	internal/backlog/pullrequests_types_test.go	100644	d724ee2ba2a3d5b29b238a3ce28e9a07631190502791b2bfcd6775eccfca0968
	internal/backlog/repositories.go	100644	f055f4af8a267c5aeadbf3a864e26369a63f17796c4b16e5a276a8cf2851d510
	internal/backlog/repositories_types_test.go	100644	9d3e1c07af73b155533e47bcaecadf96410f526b50038695764ad2f9bca01de7
	internal/backlog/testdata/issue_ok.json	100644	8317d4ea8cf549bcdade641a57bdd12e181533041a38d5de245ab436ea49372f
	internal/backlog/testdata/pullrequest_created.json	100644	5cc45cd4dec293222229c229dcc78b3e041214ab9cbaf59fb92c4adbfdfcdf9b
	internal/backlog/testdata/pullrequest_ok.json	100644	04915e1db3d16cd10f9556119ef60597e2d23b4ae8cd927a226a0c3af288ce0a
	internal/backlog/testdata/pullrequests_ok.json	100644	1b2d5d07d6c336ae3fe5d1fc4a315b80a5afe17f41b72b469063ac7c94595b45
	internal/backlog/testdata/repositories_empty.json	100644	37517e5f3dc66819f61f5a7bb8ace1921282415f10551d2defa5c3eb0985b570
	internal/backlog/testdata/repositories_ok.json	100644	0d26b2755049daf85732ad2a484919c5d92cd167ce35d78aa8e7f6e868186fcc
	internal/connection/fakes_test.go	100644	a4b4ad227a287529c98d4479a4090f37d2fe78572fa1b74865ba1575ec29eef5
	internal/connection/git_credential.go	100644	368df7c2805532160904e619c64c98f2e8f6a9f6c705f86b2c97e2a7a1339fc6
	internal/connection/git_credential_test.go	100644	4be005d756f51b836b8a8cef270aad1945597cbacb5075daa9920416c94a0879
	internal/connection/git_credential_types_test.go	100644	ba0254b55d8eb6c97eba4e14c7f999d5d1a81b624fe8de34d0e91772db91dfb8
	internal/connection/lifecycle.go	100644	4dd801bbdd8f574daf83a011771993661c06b8770369f80f4e8e927065df8ec2
	internal/connection/service.go	100644	333a635b2b7d7d1173800504238796751b30a71d24730966893c1bd02d5da6f1
	internal/connection/store.go	100644	e0315d6a3dde13885b4baf9fe84ccc7a0fb1d66c44017d698470d2be211df5a6
	internal/connection/store_test.go	100644	9dfb82a19998def6d9981763be17fc346198d8ab4fb37b8f45e3bfd31489e620
	internal/git/create_test.go	100644	79308afddb2a9b0355c339221671e4990e15dc04cb6dedc3ff7ab513e91a5eb0
	internal/git/doc.go	100644	95ed3831d1b64ae2b63fce82c5d9e1725100e2356861d58ed32bf34bac70bcb5
	internal/git/events.go	100644	6158e265acf45ad02f90dce79a64ff93cfaa7e176da09519dde87abec0ff323f
	internal/git/events_test.go	100644	7e8945673e2f813218735882fcf89b40a60cab886b573ec23feb992c117783c6
	internal/git/fakes_test.go	100644	7cb0df88d6276088178d3f98239b92e66b9233efd659f548977374b145dd957b
	internal/git/harness_test.go	100644	7160243e35cdb4aa42582f32c50d4b4bf960f50241e239eacbec605320a61b0b
	internal/git/host.go	100644	4173f79fc4c8595031b13a0d9a9e031e7a7ca648a136fa48a9eaefa51bd84640
	internal/git/impact_test.go	100644	741f17156ab45ec56c83e009ebbf0afc850e7bfcf324543450d8738632f2a528
	internal/git/leak_test.go	100644	de773b3df65502e5046c69f1a01b3f61c79ee315f314e3f7c615bbb66ff86734
	internal/git/links_test.go	100644	2dd731d3be0c980c9e84a4590f086edc5883504c625ffaf366370356d4da5445
	internal/git/queries_test.go	100644	25b9ceaf7bf809b0fd4c3c54f7ff41ba3f705cf68caa630dfef55596d6a0f535
	internal/git/repos_test.go	100644	39562613373c9d694d6def11bfcf88eeee3c5eabc35816214759fbe199f445fc
	internal/git/resolver_test.go	100644	9545e8e9ce6cc190efdc872808600d298b018afe355ba0e7bff179550dc199bd
	internal/git/service.go	100644	b369cbabf893db45040bc0cdc9f85e82cabfc8b3db39205236fcac9ff97bf6be
	internal/git/status_test.go	100644	79db5fd4e5818b2c1adb4e91bbc55dee4199499c2c23d8f08385acccf13837f6
	internal/git/store.go	100644	292b8aca99e357ab13fc83d57ea9440a4a0cbef6cb438f7bc584abf56b480a65
	internal/git/store_test.go	100644	d124f5a857b31750708c7b54965c18fb54b14036b737084386b54bb0a03d4e78
	internal/git/types.go	100644	0dcfa416411d8005553307eed4988c9bb4a5e4d8cc85d7f7efc058f9ff9bf460
	internal/git/types_test.go	100644	04539bfb587a594cb7c7120474061c5182bda98d8b3308f02a7ea9dc468dd924
	internal/git/watcher.go	100644	9362dcc71926e6f76cdbe41f64f6a2f7ec487ffaecf86fc716f1ec2454bde200
	internal/git/watcher_test.go	100644	d1cb7640efed38b019810e18aa79a5e598627f5dca501608073cdac64c7b69e7
	internal/git/watches_test.go	100644	edb3d4cf3bab29645ee93a78571311151c432579fbaf137f38c7dec993820d27
	internal/plugin/actions_u4_test.go	100644	077c6960e8baf656db19d8f5c2aad657c8d9f57b5b6ad1d1085684cd8c1d8a99
	internal/plugin/credential.go	100644	281ac05c0aa83745fa70f51c3a28619c28a572ec95ee2bf07d90b6a23b7a996e
	internal/plugin/credential_test.go	100644	7340d0a510f18a8910743278ce33bc431b989eac16ee3de62cc11ef27cdb6798
	internal/plugin/git_actions.go	100644	2f348d0b0331cd6141936ef44925cc695e0dddac5c4b6618bc818b00e2755e75
	internal/plugin/host_port.go	100644	32917231e89bcbed6670fdbef7582262d8036033e179ce9cccc5fbffe247ed1f
	internal/plugin/manifest_test.go	100644	7e72c45d57744961bde1d88d5088517dcf001ce1a04aae77b91dfbe0fa3d7712
	internal/plugin/runtime.go	100644	b8472fd73971c922905ef3fe210f42fe7235cb0a827d90e9424ba43387aa48ba
	internal/plugin/runtime_u4_test.go	100644	637c33d649ab5ddb7bfaa5f8f8929c9c5d1456c52a90dc9bde12323847c1338a
	manifest.yaml	100644	a41f17d959b78bc63ca4decbb965780b187ec87276f7cf5a6f22c05e7fb7deab
	ui/src/git/create-pr.test.ts	100644	7cd155f6cf7c3c3679da796fdb30fb166e8b5aea552056671abc40896ca323fa
	ui/src/git/create-pr.ts	100644	5b61db3935c6e7fdc179d18b6d90e3b0ee94304b8848c6bab71f593d351bbf8e
	ui/src/git/dashboard-page.test.tsx	100644	1a3de4938e4ba7d67ffbae8ce2826d49e14c07aaa05db27d5e3af5380ff7ebb8
	ui/src/git/dashboard-page.tsx	100644	567e1950906050f949e0f58edc6f14eb5d8221091f429a219e0666bc6172c383
	ui/src/git/git-access.test.tsx	100644	72b9594cdcad4cd05030106fdf3b394593982ce575a7c0445dd67312facc7e0a
	ui/src/git/git-access.tsx	100644	7d78d14c398a16808c625c729319464860e3bef5dc5c886f3573fb8b2da16714
	ui/src/git/git-state.test.ts	100644	daa495a4ca9a561d532d9cb30335d027e68e0083c9333bf5f7f2935d1b8c1be2
	ui/src/git/git-state.ts	100644	4e9e72fd32ab2d96c8a399be88607c14146f53e5731119d68ee89714364aa64b
	ui/src/git/pr-link.test.ts	100644	88bf318a865739c4cca0276c8df559ebbac8dc4b25d62f51cb552ff6270b995c
	ui/src/git/pr-link.ts	100644	c7573eedf7e6c092789640daef77d89726537be11155c22e12793f3e381d84c3
	ui/src/git/repository-provider.test.ts	100644	a51238f7fa4699d6031255c23576b5f0b502981bbedd59fb4911851fc44d9c12
	ui/src/git/repository-provider.ts	100644	5f34b8d49a3725966054e74ab9222896ef4341d82d73851ba0d9f1989b80c945
	ui/src/git/review-provider.test.tsx	100644	f211c57a72c37ace4f587fdf23f04d5edbed5b6389cfe05433b980e5bc3c6241
	ui/src/git/review-provider.tsx	100644	f1f770f77a3406e1ff1e403a577148247da9e9e4873c81b3d54a02f350f8838a
	ui/src/git/watch-form.test.tsx	100644	009431ffc61abdcba55104b9a5f2b34017a18752e9b856853f3a767761df8bc0
	ui/src/git/watch-form.tsx	100644	f0d2c8c9c38c44a8a92511c4629d4ead1274dedf0368b48e7c890ff1c6693fea
	ui/src/git/watches-page.test.tsx	100644	9ce700db34a6a97e38c0a88ba043a955fcca0a835b2fd40852dfa133cfcb2682
	ui/src/git/watches-page.tsx	100644	d439f7d51ba9daf8f486d1d872342d194bd6ab81b720d53c6022154b429d0b35
	ui/src/index.test.ts	100644	1596ff7e7372e65ea45fc10c72e93de0339e37795e216ea7a334b5508b92c24c
	ui/src/index.ts	100644	7a643af6c2f9a90c7327e85248d40bd78ef23a290465d195efbfb603b454002b
	ui/src/messages/en.ts	100644	0262cbcf1ef7e252c8014908ae9a3ba9978038b4b3b935b0186e885676653ca9
	ui/src/settings/SettingsScreen.tsx	100644	45f3567f8166e9ca8c60560f4d57113048f051312e8f25fa38c81471373372ad
	ui/src/settings/connected-panel.test.tsx	100644	68c56fa902d530ca7688c52998c7641a4ff99696c06c08aa02ceb7251df08d55
	ui/src/settings/connected-panel.tsx	100644	8b9c8312aa11643956987b26d15d0651e5a019ce38ca899bb0dad17fc99cf298
	ui/src/settings/project-picker.test.tsx	100644	279b2a807ab053a95442e68eda18008332b9d68502487d6ca17b1b2d0636ba09
	ui/src/settings/project-picker.tsx	100644	f3b665b18bd282ac519cd0a6309b7ac2df91f57688a899c2462a869dd11c6cb9
	ui/src/settings/state.ts	100644	f23fd3e7ba6f7b72c2fe7a5d4dfebcd81bacd8cc0da40729d0d45ce61012d7b8
	ui/src/testing/harness.ts	100644	ccdc21806245a60d753f354827a0a6bd2c78d5f6d6cc102483a8829740f0c740
