manifest	d3542391ab37f14657fd5fb4f845fcd11b8db3e584e6255939b23414a64b61c6	-
	.github/workflows/ci.yml	100644	349de346af4c27d83362c41c531b3c54459b58fa8a2b33e3231a2d4a4c53076d
	.gitignore	100644	7c346d2fb3f5af0f7d96c81a1b4b45a03a7896e1a85132f5dbbf20f80e797d0c
	.golangci.yml	100644	d9dd9bae4256f3c139428bdfe2bf845c94b4614a50439a419d3e6c54b14d18e5
	.kandev-sdk-ref	100644	66fceb16d4a103fb80af6190824a46088abdc01cb0576025a6d2e682543467d3
	.nvmrc	100644	f14b4987904bcb5814e4459a057ed4d20f58a633152288a761214dcd28780b56
	LICENSE	100644	12762941e76627efc0f218d4ced41b07f1c1f7efaadd2c3b0fb018f60453c7b9
	Makefile	100644	4ac409789fcfab1935b6b5a1a4315893f34d3f85c7a29984ec5b091607102b8c
	README.md	100644	3683c838d1fff1ea2cb89192294fee3761c0e49dcbd3348ed75ec0f79303a9a3
	cmd/verifypkg/main.go	100644	143374ed93fc25013e034d73a311877240956e3936159fd86a2b90f8a8dd6ccb
	docs/brand/backlog-logo.md	100644	4cbdef96a4887da64248992ef60cb5c907550c27ebb93b75d8eb6d1e2ed5b047
	docs/manual-checks/TEMPLATE.md	100644	8620210d637bf80d2b9e0ed53b1f6c33033c0cf68367e7e9ec16b83aa735608d
	go.mod	100644	6e0a921e997f89e99cf5f0800dd2431a89e6197f25a98c11355ec1703b68215a
	go.sum	100644	af2b8692632c2af4ed69d0a5d3ea3a26ceaa11c15076fe0a708e199cc7126892
	internal/backlog/client.go	100644	083fc8a45ea61d0339c641470b8f8d2ada13f45c9bb49b5abe6ba91427a5d164
	internal/backlog/client_test.go	100644	d21afdddf08fe5737615e2cc0d8c96f4e1c7de9babaa370c80c883964566a1e0
	internal/backlog/doc.go	100644	c4010da8e157852121954439b4c946758fad0fd2fd920e79cf47e5facddf6cd5
	internal/backlog/git_client_test.go	100644	e8b37bf0f50c7dcdbde5117df373c6560d23e2bcebc94107466aeb20c6795bd0
	internal/backlog/issues_client_test.go	100644	77217f811a10e79e71c8745ef49d3660e5d9cca29a16925e1564a1b8cbf71e04
	internal/backlog/limiter_test.go	100644	46e19e5d07f82c59fc4b514e0f712ec55db19b63b178c08b2d5e45d51fb7cbd2
	internal/backlog/oauth_test.go	100644	f6ed0203321c8ee0ed85319832d62b13a797194e6ad8f86221ef8231a204aa12
	internal/backlog/oauth_types_test.go	100644	5536b0ca177cd07dc3eac6897220d090d1905ff6e47cfa36903fd6a453c23761
	internal/backlog/projects_test.go	100644	d0790f4a698474c79f21f398054f2e1a03edc2a1b920b1477fe3e5c13bcfba70
	internal/backlog/testdata/error_401.json	100644	b265c2887479d6683712f13d1e0a098aeb797c89a8cd34e97cfdb944ceb3a152
	internal/backlog/testdata/error_429.json	100644	77db0834b99342970c02b5e0bead76e8fd87517edc851354db8927bc90debc8b
	internal/backlog/testdata/myself_empty_name.json	100644	1607f098c33b27a295bce73eeb26bffaadaee7ee0a071768835769fecd1aac2a
	internal/backlog/testdata/myself_missing_id.json	100644	5d0af41d5ccfaceee87568ca0822b9f74b23d84b62154be0223314a665bb459f
	internal/backlog/testdata/myself_ok.json	100644	421a9b7dc4bb7fbf276487ad17f28fb5353ba11ce108809324a11fb4d27d7df6
	internal/backlog/testdata/myself_string_id.json	100644	757d3cb79bc103b3d2dac0158771a032b8706cec29f6a3839d63727cf793f063
	internal/backlog/types.go	100644	8fcd770ef21640eaffaac0d408840c170385d612928aaf49593c8434540532f1
	internal/backlog/types_test.go	100644	f63e4e404efeb320639d193d99e95685f6d8aa95f8c4ab4ddda8ed7ac23c27b0
	internal/ci/contract_test.go	100644	5a1c0efcb17398a647463065761f87ee780c000d856833a3974c799bf0768f3a
	internal/connection/address.go	100644	38dc26edb917f16d52def2240effc21a599e7acf32cb4c8fd1e5f5bbb93b78a7
	internal/connection/address_test.go	100644	aa598d0d9ff9d3dcb64e0863039498a5a51529adf016d01c6fd30bb620cdcdd1
	internal/connection/apikey.go	100644	5631ff9f7f419ea62108b8440c1389102cac8c7a74f4775db6e707f05ecbdbce
	internal/connection/apikey_test.go	100644	a363802dedf37d8369574ac44ba4e34417a64c4496fd3b51aeb03377280f2a63
	internal/connection/doc.go	100644	91fd22f3ad8cf2648fdc1df95ecfd30279505cd745d6fb7567f24ee5c0242fbd
	internal/connection/events_test.go	100644	7251b357ed7ca78c2e0b25a890e2c727b0125190e17d4f4212c238270cb62816
	internal/connection/fakes_test.go	100644	a4b4ad227a287529c98d4479a4090f37d2fe78572fa1b74865ba1575ec29eef5
	internal/connection/git_credential_test.go	100644	f95c16e0dcc49b30a62cdbbbb8ebf1e2dc975cd201dc09ee29d10498317eeee2
	internal/connection/git_credential_types_test.go	100644	75ac5cc54b805667cdaf63289fb1111d3a6c1b66de5f76ea7a90719c0b859a3b
	internal/connection/oauth.go	100644	ac3b8eafb23df6144fa99732c63368497f7db32cd2cf17a927562bd63646aa40
	internal/connection/oauth_config_test.go	100644	26a827cf72e022791839231c6c7a1e10072d4e6f2ef8a4e9e32bb96d41d04d4e
	internal/connection/service.go	100644	67732a5d0928fd515f9589825dda0c08fa590fbd6533d1ab96f7b8bb0c79c349
	internal/connection/service_test.go	100644	afa09c3a8895e7846695dad108818bcf6afdc38269ff7911d629f18da3f6cf4b
	internal/connection/store.go	100644	19e8abb456fe6442fca83d7f74d8a01dd97a8ca2d16c7e3fa06d2f03f39f57d4
	internal/connection/store_test.go	100644	699fb4940fa3becb44552afec71a2286ab82781d8a2303813b1ee2db3f892484
	internal/git/leak_test.go	100644	4ddf4776895d979ef397fd0c9a5567cbf870619ca20c16f030278805d1a87114
	internal/git/resolver_test.go	100644	45159596ba68bd2cc46bd91805f34887afb10c2d60b164ac7e14938eab7d1028
	internal/issues/leak_test.go	100644	b83f3a2f97944a3f55da2ed1d422ea7c2b64b81dd158576731f9ed793e627243
	internal/pkgverify/pkgverify.go	100644	3a8fac814d92f695bdd0571ecb2ca8808a8140e0da4e5f27b44a1cf0c3fdf24e
	internal/pkgverify/pkgverify_test.go	100644	399fd71a9ffb7b911fa3b66d6795ad0296dfa2cf0cef12af11a7c3e2be62d4d9
	internal/plugin/actions_test.go	100644	63be95eb6110e0e5ffb81ed04aaf584f0be97494a172f76122ce1ac75b3be613
	internal/plugin/actions_timing_test.go	100644	fb9ec1e43fe74a5059abe3bbff883abfe8a7e803c8c12aeda0c359485187c1c1
	internal/plugin/actions_u2_test.go	100644	27d3ed9fddc264dc25bf94fd4be4960c56116b0dc757a87e9a2617bb1c88d97c
	internal/plugin/actions_u3_test.go	100644	b27f1a0bee85528d6ed3efe507cf7f0f66484cce3bf8e43b7cb8d208be0d6085
	internal/plugin/actions_u4_test.go	100644	e53feaf2348cc1910aa81c9789a783cc37b7022e23ce7cda5aca86ba967a59cb
	internal/plugin/credential_test.go	100644	37aa06b839a76571916a97f98072af46bd0a2126c5d431c059bf6e3c3a3ee4b5
	internal/plugin/doc.go	100644	be52c36bf3f133b43a376441db6549d046422dcf84a7b15686aca9bbd8aeb977
	internal/plugin/manifest_test.go	100644	649fdda8dfa1528d26a080efb337a8a317966852b1d029f68d7d219ab57a6979
	internal/plugin/runtime.go	100644	8cbfd0a90bbf55950c0aba2b0aee466d1ce3818222fba3afea1092bb1fc51b68
	internal/plugin/webhook_test.go	100644	bc9e1cd0667311718f5e7d4791fa92483e95f3f895d696e6ab3db2b7c3ce69a1
	internal/redact/doc.go	100644	64e91876c3b07fd9bf007b11f37ec4334c0036259b25cd5b9680007eb8ae3c2f
	internal/redact/redact.go	100644	f33cee9d275519432d0ed602e498b56ced50b906511491612c0b84be5c489942
	internal/redact/redact_test.go	100644	47bde9ce830bcebddc01d2eac4032671dd2f08959460d4ef93f31a14ec690c5c
	internal/testutil/testutil.go	100644	78625ec5e2b09005d949a0eed35f1b5a188622050a3990340fe7b3be3ca8e9da
	internal/testutil/testutil_test.go	100644	d2ce648725c4a905b843d83c39931ef9d99978a43f9499133f04c38833778db6
	manifest.yaml	100644	07af77c4665ced8b4eaf4d6fcaafc78bce3cb8e6254a4cf901afe26c7f978c06
	server/main.go	100644	189585dab4633f32656ccd2f4c002fe6a864fe386f2134dfabb92a1a4141d543
	ui/.prettierignore	100644	88b6b09796bc021a6f46b5964be1cbe30ef7a25d613ee43f868e720ee4d15587
	ui/.prettierrc	100644	1f82b4d409aaf5cea7bb5250b3f76ab825cd3d4d6f3ade5d8b42905876880f46
	ui/eslint.config.js	100644	66b0823acf3442cb633d5f352152c3a7ba130c73772db6c6bc6e29f549720419
	ui/package-lock.json	100644	823badbee7cb6eabf21f7a9161176093a2a87c5f1c8ba6ef6f35743a241411cc
	ui/package.json	100644	c318e5bb73f6f7db7fa5d651c071bd0ddbfdacc906c678f9497324b35f736d9c
	ui/src/brand/backlog-logo.test.tsx	100644	0994fd6789fe848ec589091de7f3438161dee787d094e38539746767c1457035
	ui/src/brand/backlog-logo.tsx	100644	8635f73642ee4c9b2b75a0d7a1a85c2c014a9d118337c27bab145ad38aaaf929
	ui/src/index.test.ts	100644	ac3defdbf43db0d3f02bb3fa2a721db83f3cf49bae5cce02f6f1c5b7d9c9342c
	ui/src/index.ts	100644	326476147d3a3dacb6fb1f1a4c370cc4184e1b3ed6671fd9f9348a59003daa35
	ui/src/jsx.d.ts	100644	b784e7c86823a553481508edf3f2b2da52626ae2374e38ca6f64d9b03f4b1345
	ui/src/messages/en.ts	100644	e6a69e02006b4ccd74a79679eb94af8273c5c00310bddf981dff794f8b7eac72
	ui/src/page/BacklogPage.tsx	100644	22c144aee51dcc23e24e9a0abcdf6656f3926a76350c410a3ed1aa9abb2011fb
	ui/src/page/backlog-page.test.tsx	100644	bcfe5dcd14f0ecfed1fa8accbb1c76488132d092887b3ec061e1984158be4f17
	ui/src/settings/SettingsScreen.tsx	100644	dffa716a1c2835ec6fbfa12467264fabc7abd4fd56ce8541a5042dc7e74ce925
	ui/src/settings/settings.test.tsx	100644	da2c83c007b44838139dd398aee4810d44c5b4c5feec14fb47708e91bf3cea40
	ui/src/settings/state.ts	100644	f23fd3e7ba6f7b72c2fe7a5d4dfebcd81bacd8cc0da40729d0d45ce61012d7b8
	ui/src/switch/enabled-events.ts	100644	cdbd492edf5141913a71f754dce3c580e085ba6f2575a3e30887ed446143f517
	ui/src/switch/integration-switch.tsx	100644	2d8c5e89d652c806a8ec71c19d321aef3f7599de3769242b89e790eef21fecc7
	ui/src/switch/switch.test.tsx	100644	2bbf6f409e4883b38ae783fa09237bf198403d33e952828595e74b54f29c8272
	ui/src/testing/harness.ts	100644	b4f967526b5c3bf4f3c3354598aba9bca8d864acbcb8cab0b45f0710b551b5a1
	ui/tsconfig.json	100644	7db0249befd77e798be1742dd5b58b86e4bc0f80239569d60832f14deca3fe23
	ui/vitest.config.ts	100644	2bab7589df5adfbdf32f8c25f1169262cc816265180fd56aab05d2e3ec95edde
