manifest	5e36d1a548e10465c7127344b2325a09771f2fe17eea0847a62153e7dc3c84d5	-
	.github/workflows/ci.yml	100644	349de346af4c27d83362c41c531b3c54459b58fa8a2b33e3231a2d4a4c53076d
	.gitignore	100644	7c346d2fb3f5af0f7d96c81a1b4b45a03a7896e1a85132f5dbbf20f80e797d0c
	.golangci.yml	100644	d9dd9bae4256f3c139428bdfe2bf845c94b4614a50439a419d3e6c54b14d18e5
	.kandev-sdk-ref	100644	66fceb16d4a103fb80af6190824a46088abdc01cb0576025a6d2e682543467d3
	.nvmrc	100644	f14b4987904bcb5814e4459a057ed4d20f58a633152288a761214dcd28780b56
	LICENSE	100644	12762941e76627efc0f218d4ced41b07f1c1f7efaadd2c3b0fb018f60453c7b9
	Makefile	100644	4ac409789fcfab1935b6b5a1a4315893f34d3f85c7a29984ec5b091607102b8c
	README.md	100644	2ec6f757c704b57db3b7677b87c6180feb056ab8bd6a73616c12d2fdaea386ae
	cmd/verifypkg/main.go	100644	143374ed93fc25013e034d73a311877240956e3936159fd86a2b90f8a8dd6ccb
	docs/brand/backlog-logo.md	100644	4cbdef96a4887da64248992ef60cb5c907550c27ebb93b75d8eb6d1e2ed5b047
	docs/manual-checks/TEMPLATE.md	100644	57853569dfb22890fdf8f8c6031db32ba7b07414b7e5d0bbd42517c9560137d3
	go.mod	100644	6e0a921e997f89e99cf5f0800dd2431a89e6197f25a98c11355ec1703b68215a
	go.sum	100644	af2b8692632c2af4ed69d0a5d3ea3a26ceaa11c15076fe0a708e199cc7126892
	internal/backlog/client.go	100644	8e4fa6941d76ca3dfff806f41e291e280b11c7e6716dee69eabe6d85877cc73d
	internal/backlog/client_test.go	100644	d3be3af829448bbaac56c6f50a89aac86fa7bd65d81e6103d1f7b1a4cbd5f7ea
	internal/backlog/doc.go	100644	c4010da8e157852121954439b4c946758fad0fd2fd920e79cf47e5facddf6cd5
	internal/backlog/testdata/error_401.json	100644	b265c2887479d6683712f13d1e0a098aeb797c89a8cd34e97cfdb944ceb3a152
	internal/backlog/testdata/error_429.json	100644	77db0834b99342970c02b5e0bead76e8fd87517edc851354db8927bc90debc8b
	internal/backlog/testdata/myself_empty_name.json	100644	1607f098c33b27a295bce73eeb26bffaadaee7ee0a071768835769fecd1aac2a
	internal/backlog/testdata/myself_missing_id.json	100644	5d0af41d5ccfaceee87568ca0822b9f74b23d84b62154be0223314a665bb459f
	internal/backlog/testdata/myself_ok.json	100644	421a9b7dc4bb7fbf276487ad17f28fb5353ba11ce108809324a11fb4d27d7df6
	internal/backlog/testdata/myself_string_id.json	100644	757d3cb79bc103b3d2dac0158771a032b8706cec29f6a3839d63727cf793f063
	internal/backlog/types.go	100644	8fcd770ef21640eaffaac0d408840c170385d612928aaf49593c8434540532f1
	internal/backlog/types_test.go	100644	b4538eeb6aa1203b54497f4afadc0bb17d358885a71ca476897d1a2f7f79306a
	internal/connection/address.go	100644	38dc26edb917f16d52def2240effc21a599e7acf32cb4c8fd1e5f5bbb93b78a7
	internal/connection/address_test.go	100644	aa598d0d9ff9d3dcb64e0863039498a5a51529adf016d01c6fd30bb620cdcdd1
	internal/connection/apikey.go	100644	5631ff9f7f419ea62108b8440c1389102cac8c7a74f4775db6e707f05ecbdbce
	internal/connection/apikey_test.go	100644	c5800b97f811c1dc59259874154a6fcc9fcf23874bd167210ed9665b7e5b64e0
	internal/connection/doc.go	100644	91fd22f3ad8cf2648fdc1df95ecfd30279505cd745d6fb7567f24ee5c0242fbd
	internal/connection/fakes_test.go	100644	4e9113e03cf6669b0b11f640cda267b7899b3de869cf54f4aeee91712316d50c
	internal/connection/service.go	100644	28afd379223ee4aa2c98db83120c44c8e6f5a8a2c26559c9ddb876e9c744c70b
	internal/connection/service_test.go	100644	7b2be5453ec783cd9c69dceb2aeef2f723d8f6a5b4340bf848e5d519355c5b38
	internal/connection/store.go	100644	cbfd7f7c023a7da6f18e822af9eb6b86e3123b7736d2da86cc1387c118161dc4
	internal/connection/store_test.go	100644	fa0826c8c106590ff55eb7903485556dd46c7a28e8308430d7eff3e91071e765
	internal/pkgverify/pkgverify.go	100644	3a8fac814d92f695bdd0571ecb2ca8808a8140e0da4e5f27b44a1cf0c3fdf24e
	internal/pkgverify/pkgverify_test.go	100644	399fd71a9ffb7b911fa3b66d6795ad0296dfa2cf0cef12af11a7c3e2be62d4d9
	internal/plugin/actions_test.go	100644	c0055cbe70474ab2d83eb54fa2a0c5d0e96def0fdc1f845aef02bfbe677346cc
	internal/plugin/doc.go	100644	be52c36bf3f133b43a376441db6549d046422dcf84a7b15686aca9bbd8aeb977
	internal/plugin/manifest_test.go	100644	fe8540df913be41198a6131d8bb74a7f062bd43a392665805c23496aaf814427
	internal/plugin/runtime.go	100644	a89869dd3230d6f4d640889536e72373826815475901307bf4ea469a2e2d60c8
	internal/redact/doc.go	100644	64e91876c3b07fd9bf007b11f37ec4334c0036259b25cd5b9680007eb8ae3c2f
	internal/redact/redact.go	100644	f33cee9d275519432d0ed602e498b56ced50b906511491612c0b84be5c489942
	internal/redact/redact_test.go	100644	7b5cbc33b81a2cd44cd8144c222c157317311526869597ff7565eaf0b4c59fee
	internal/testutil/testutil.go	100644	f5fb189e659106d83ac3d181e31436ec6e99ce777eb0e43cecef9ae8af4fb5ca
	internal/testutil/testutil_test.go	100644	4328568f8f6a4735d4ea510bd0665ae6f6726e194636b8138a8d39a2408f954e
	manifest.yaml	100644	4feb9b925ed0e888dacd3903b17bcc513caa59a9860cb17fd4eb7ddb3b4c6a72
	server/main.go	100644	189585dab4633f32656ccd2f4c002fe6a864fe386f2134dfabb92a1a4141d543
	ui/.prettierignore	100644	88b6b09796bc021a6f46b5964be1cbe30ef7a25d613ee43f868e720ee4d15587
	ui/.prettierrc	100644	1f82b4d409aaf5cea7bb5250b3f76ab825cd3d4d6f3ade5d8b42905876880f46
	ui/eslint.config.js	100644	66b0823acf3442cb633d5f352152c3a7ba130c73772db6c6bc6e29f549720419
	ui/package-lock.json	100644	823badbee7cb6eabf21f7a9161176093a2a87c5f1c8ba6ef6f35743a241411cc
	ui/package.json	100644	c318e5bb73f6f7db7fa5d651c071bd0ddbfdacc906c678f9497324b35f736d9c
	ui/src/brand/backlog-logo.test.tsx	100644	0994fd6789fe848ec589091de7f3438161dee787d094e38539746767c1457035
	ui/src/brand/backlog-logo.tsx	100644	8635f73642ee4c9b2b75a0d7a1a85c2c014a9d118337c27bab145ad38aaaf929
	ui/src/index.test.ts	100644	aadf5a4c4e5e50eb9fc418d009efbdc2ac0a54955093d7a0893d1bcbe489c10c
	ui/src/index.ts	100644	fabb0f94f6fa645a5408bb7aefbfbe9effd3cc7bf1b35522ade3082e542b497c
	ui/src/jsx.d.ts	100644	b784e7c86823a553481508edf3f2b2da52626ae2374e38ca6f64d9b03f4b1345
	ui/src/messages/en.ts	100644	f87e821d0b7fd0901cbb071e0866f79c6123779677c6514beb3033e52d20146d
	ui/src/page/BacklogPage.tsx	100644	32e5d34d77da556fe99820e5057050c3f6b375193de2ead24692b915170912ab
	ui/src/page/backlog-page.test.tsx	100644	53cb97e8812c01c5ad599f7ac482e9ed8c300728fdbdf4248dc9e5867eb49053
	ui/src/settings/SettingsScreen.tsx	100644	439749f9e0c42eb90b5df03ef3217f54b82b49a66008e7ddddf4518fb0945050
	ui/src/settings/settings.test.tsx	100644	da2c83c007b44838139dd398aee4810d44c5b4c5feec14fb47708e91bf3cea40
	ui/src/settings/state.ts	100644	b9dfba8ae03c62497a2d438f83dacd200aef6a5f6a6fdeaf6f8632082c9e2c67
	ui/src/switch/enabled-events.ts	100644	cdbd492edf5141913a71f754dce3c580e085ba6f2575a3e30887ed446143f517
	ui/src/switch/integration-switch.tsx	100644	2d8c5e89d652c806a8ec71c19d321aef3f7599de3769242b89e790eef21fecc7
	ui/src/switch/switch.test.tsx	100644	2bbf6f409e4883b38ae783fa09237bf198403d33e952828595e74b54f29c8272
	ui/src/testing/harness.ts	100644	91c2d6d1635d6795809bbc8dcb98f8eeedcaa2f571b244e5893c53bc203421d1
	ui/tsconfig.json	100644	7db0249befd77e798be1742dd5b58b86e4bc0f80239569d60832f14deca3fe23
	ui/vitest.config.ts	100644	2bab7589df5adfbdf32f8c25f1169262cc816265180fd56aab05d2e3ec95edde
