manifest	587e40c6eb45de80c29dac057004e5e05798a4b8f7e5c13196cf908a84fa8a41	-
	.github/workflows/ci.yml	100644	b788bc236c8e58f61a4ba3e98c70da33b37f75da8ed2cd602c8515d89f72bfd6
	.gitignore	100644	7c346d2fb3f5af0f7d96c81a1b4b45a03a7896e1a85132f5dbbf20f80e797d0c
	.golangci.yml	100644	d9dd9bae4256f3c139428bdfe2bf845c94b4614a50439a419d3e6c54b14d18e5
	.kandev-sdk-ref	100644	66fceb16d4a103fb80af6190824a46088abdc01cb0576025a6d2e682543467d3
	.nvmrc	100644	f14b4987904bcb5814e4459a057ed4d20f58a633152288a761214dcd28780b56
	LICENSE	100644	12762941e76627efc0f218d4ced41b07f1c1f7efaadd2c3b0fb018f60453c7b9
	Makefile	100644	6b8c8bb718897841e2bf27775c3ec44497d0c95ed3f93bfad543a6082061be2c
	README.md	100644	c9b34470732d14bdec6ca66e8d077cdb6fac28cdf9ec4b14f0b0d26b383adf28
	cmd/verifypkg/main.go	100644	143374ed93fc25013e034d73a311877240956e3936159fd86a2b90f8a8dd6ccb
	docs/manual-checks/TEMPLATE.md	100644	3cf8d0d00ee6192a043070850b90e3d043e785c575c8c46fad83eddac9edef90
	go.mod	100644	6e0a921e997f89e99cf5f0800dd2431a89e6197f25a98c11355ec1703b68215a
	go.sum	100644	af2b8692632c2af4ed69d0a5d3ea3a26ceaa11c15076fe0a708e199cc7126892
	internal/backlog/client.go	100644	c1c3ee4f6b4e8b8c160dbfca3acbecabedf6d7a3d40b2dd261e6b371443ea220
	internal/backlog/client_test.go	100644	234da28bc130ba038cfc87909596c7911ac7d344ea12146b0c3d7d486b118afb
	internal/backlog/doc.go	100644	c4010da8e157852121954439b4c946758fad0fd2fd920e79cf47e5facddf6cd5
	internal/backlog/testdata/error_401.json	100644	b265c2887479d6683712f13d1e0a098aeb797c89a8cd34e97cfdb944ceb3a152
	internal/backlog/testdata/error_429.json	100644	77db0834b99342970c02b5e0bead76e8fd87517edc851354db8927bc90debc8b
	internal/backlog/testdata/myself_empty_name.json	100644	1607f098c33b27a295bce73eeb26bffaadaee7ee0a071768835769fecd1aac2a
	internal/backlog/testdata/myself_missing_id.json	100644	5d0af41d5ccfaceee87568ca0822b9f74b23d84b62154be0223314a665bb459f
	internal/backlog/testdata/myself_ok.json	100644	421a9b7dc4bb7fbf276487ad17f28fb5353ba11ce108809324a11fb4d27d7df6
	internal/backlog/testdata/myself_string_id.json	100644	757d3cb79bc103b3d2dac0158771a032b8706cec29f6a3839d63727cf793f063
	internal/backlog/types.go	100644	8fcd770ef21640eaffaac0d408840c170385d612928aaf49593c8434540532f1
	internal/backlog/types_test.go	100644	b4538eeb6aa1203b54497f4afadc0bb17d358885a71ca476897d1a2f7f79306a
	internal/connection/address.go	100644	38dc26edb917f16d52def2240effc21a599e7acf32cb4c8fd1e5f5bbb93b78a7
	internal/connection/address_test.go	100644	aa598d0d9ff9d3dcb64e0863039498a5a51529adf016d01c6fd30bb620cdcdd1
	internal/connection/apikey.go	100644	5631ff9f7f419ea62108b8440c1389102cac8c7a74f4775db6e707f05ecbdbce
	internal/connection/apikey_test.go	100644	c5800b97f811c1dc59259874154a6fcc9fcf23874bd167210ed9665b7e5b64e0
	internal/connection/doc.go	100644	91fd22f3ad8cf2648fdc1df95ecfd30279505cd745d6fb7567f24ee5c0242fbd
	internal/connection/fakes_test.go	100644	18f1571a8cfff2166e4c6a46a242d64fbfde6d8bf246a7f619f7f902ea5820d8
	internal/connection/service.go	100644	724912f903e8eb4710136015cba585648695375647d124e639e58515fa570f69
	internal/connection/service_test.go	100644	a3d921ada31c5b2e789e99150a0712453d5fd659168a7d76010af7e390982499
	internal/connection/store.go	100644	c587deff4297f686283f92d16b8003e3a6efb6a5b2379e20baa67272afd80a77
	internal/connection/store_test.go	100644	b6dc05ad1579c4a9cad126c6d1d06a5cd2638cd4b5d7bb587c72f4b1b86eaeb7
	internal/pkgverify/pkgverify.go	100644	b52fddba4f757602492f97a15f5837d04bfa6ab84ebfbdb4751475f2057527e8
	internal/pkgverify/pkgverify_test.go	100644	275d8dc28b241b34b7cdd82e7aaae6145fd1f2cff986934e7c68fb3d26286146
	internal/plugin/actions_test.go	100644	1c16f89ae7935069ed90221e091361756b650cd563e0052fa47591de49af2ac4
	internal/plugin/doc.go	100644	be52c36bf3f133b43a376441db6549d046422dcf84a7b15686aca9bbd8aeb977
	internal/plugin/manifest_test.go	100644	0fc678654bbbaea82ce229e2f89b834b86e8ad81d59c96696ee6e4ccffb8f163
	internal/plugin/runtime.go	100644	16a96c3cf1b9e1992e0701d3e1895883b53162175e5272e9acbec831695e1577
	internal/redact/doc.go	100644	64e91876c3b07fd9bf007b11f37ec4334c0036259b25cd5b9680007eb8ae3c2f
	internal/redact/redact.go	100644	f33cee9d275519432d0ed602e498b56ced50b906511491612c0b84be5c489942
	internal/redact/redact_test.go	100644	7b5cbc33b81a2cd44cd8144c222c157317311526869597ff7565eaf0b4c59fee
	internal/testutil/testutil.go	100644	98381cbe1251aca442f6a7baa595f430a73f59460119437aac4adde0beac45bf
	internal/testutil/testutil_test.go	100644	15351d93cb95915fa263c8e6df68880d596c33fafdfca65ecf7ccabe13a73f6e
	manifest.yaml	100644	06f94017299c05edebd63b7f8963be34a699ac0cfd0dc1f636b17c78d0f9f1fa
	server/main.go	100644	189585dab4633f32656ccd2f4c002fe6a864fe386f2134dfabb92a1a4141d543
	ui/.prettierignore	100644	88b6b09796bc021a6f46b5964be1cbe30ef7a25d613ee43f868e720ee4d15587
	ui/.prettierrc	100644	1f82b4d409aaf5cea7bb5250b3f76ab825cd3d4d6f3ade5d8b42905876880f46
	ui/eslint.config.js	100644	66b0823acf3442cb633d5f352152c3a7ba130c73772db6c6bc6e29f549720419
	ui/package-lock.json	100644	823badbee7cb6eabf21f7a9161176093a2a87c5f1c8ba6ef6f35743a241411cc
	ui/package.json	100644	c318e5bb73f6f7db7fa5d651c071bd0ddbfdacc906c678f9497324b35f736d9c
	ui/src/index.test.ts	100644	d2f5aefead3fda26c0b768a7d65844affc0cea9fe1ed1060a190198c23a226f0
	ui/src/index.ts	100644	e0a7ce780d36cb52036844ef273c80a01b329c8f8512d0e92819fa61109a138e
	ui/src/jsx.d.ts	100644	b784e7c86823a553481508edf3f2b2da52626ae2374e38ca6f64d9b03f4b1345
	ui/src/messages/en.ts	100644	5340529ac087c20e18ce80ed3e8ed29150c09d439bae9636027d5c8034529e04
	ui/src/settings/SettingsScreen.tsx	100644	073c394d907b38a38cc7cb1fd5a3f15486622cb07a03d12aaf2b582a80777263
	ui/src/settings/settings.test.tsx	100644	028117196a7488f42a32a78c6fdf77a5bf90d747b190eb0ffebc06dcb6c56808
	ui/src/settings/state.ts	100644	f298cd83aa962a36d98fe7300eb8ef45bd3cc80c6f0a0055430fef9b8abfbe6c
	ui/tsconfig.json	100644	7db0249befd77e798be1742dd5b58b86e4bc0f80239569d60832f14deca3fe23
	ui/vitest.config.ts	100644	2bab7589df5adfbdf32f8c25f1169262cc816265180fd56aab05d2e3ec95edde
