manifest	744a1f5f5593f009149be4cf7fa8fc14518477547abdf2286b51d548a89fc15e	-
	README.md	100644	3683c838d1fff1ea2cb89192294fee3761c0e49dcbd3348ed75ec0f79303a9a3
	docs/manual-checks/TEMPLATE.md	100644	8620210d637bf80d2b9e0ed53b1f6c33033c0cf68367e7e9ec16b83aa735608d
	internal/backlog/client.go	100644	083fc8a45ea61d0339c641470b8f8d2ada13f45c9bb49b5abe6ba91427a5d164
	internal/backlog/issues.go	100644	f375dbcd50d31567448505ed1605667fa020438dbc3f12e7c7dfaa1d7815f16c
	internal/backlog/issues_client_test.go	100644	77217f811a10e79e71c8745ef49d3660e5d9cca29a16925e1564a1b8cbf71e04
	internal/backlog/issues_types_test.go	100644	6185fc820d7d73af457cac3e601b0423310feef055f6924386e92ce30fb6c69a
	internal/backlog/pullrequests.go	100644	cca1e384d165d19b7a3f82307d7d19e802cd86ddc829c3fe4dc32a542d061d15
	internal/backlog/pullrequests_types_test.go	100644	271a2ae904e0abdd6d55ddee47770c540ae34279dd49839037ca0b931eb561bb
	internal/backlog/testdata/attachments_ok.json	100644	d787044c3d7320c4b8d34d200eae96b6d2483438202dd21d6a132d2e8af482af
	internal/backlog/testdata/comments_ok.json	100644	d7bef5ddceb44e11811807c13634faa53882f7cc54893d5774ec070fb54c3240
	internal/backlog/testdata/issue_detail_ok.json	100644	886e1a35b5b0746e2c6eb695ec26bc5d7922f7076fd68a7bae85c6a458b3e8ef
	internal/backlog/testdata/issues_count_ok.json	100644	daa1fceaf753ee2fe3fa0600984d214cba2e84a4313c244331f6dce5548ed50f
	internal/backlog/testdata/issues_ok.json	100644	9efa6965a34a3cbd3718e0f9cc4f69dfe3b6858d0883e025348c46cefce2a930
	internal/backlog/testdata/project_users_ok.json	100644	4decb32b0a2990779d5af40a4596079d11c729afd6ad4b5b24eb82bfb07144af
	internal/backlog/testdata/statuses_ok.json	100644	0ee50a68abcfaa79688c0932f83d3783b966be8d3b2afbd1f072cab3178332b2
	internal/issues/create_test.go	100644	1b944ccf67b2e7967783c25690073d7599627c340173f25707060926b69323e7
	internal/issues/detail_test.go	100644	c917891182d8a3a5c8c9e0053ba035f7287f8dedfcfe114960c85824cffbb570
	internal/issues/doc.go	100644	77c27cb67a2103e2fce68eabf01ad762f7f290f1d76a9c840ed4ff30a788966e
	internal/issues/events.go	100644	466208452d575f98a38b7f0f2efc4967131d045a32ae5cc04b7d60646b62a0f3
	internal/issues/events_test.go	100644	7446701949308d3bc24bc04bd2f3eedefe8850b39ba094a7c3cc19a4167860d5
	internal/issues/fakes_test.go	100644	44d08fa44482508b7c92ee35a742f8456026e76cf4915148627abb91825d8848
	internal/issues/filters_test.go	100644	88958ab20f49b5497c58387b08bb7a06fef5c11f9184e2039552abd67d2b20ea
	internal/issues/harness_test.go	100644	b1b71ad74699799397d2500dc428dafa04a3aa32c4849fe17f76b075f0798662
	internal/issues/impact_test.go	100644	b94c0b65da2090a3678ae63f6f2d7a4185fbea368e36b3587b85870d183bedc1
	internal/issues/leak_test.go	100644	b83f3a2f97944a3f55da2ed1d422ea7c2b64b81dd158576731f9ed793e627243
	internal/issues/links_test.go	100644	4032f6261b93246299b08e1e4d03e08bd300ee74d6ec7d4af1f8f853083e9291
	internal/issues/list_test.go	100644	f26441024c57e582c320846d6446aa2152c68c3dfa5dc6d3b7a81b6390a22037
	internal/issues/service.go	100644	9bc016e4209031c3b96dfebb6a5d947b71b78b6da41bc77a21328880ba240f74
	internal/issues/settings_test.go	100644	dce0e6c8be54c6a374c8675cb6ee53fbc5cb36a369cf9f99a80b5d608f0f111a
	internal/issues/store.go	100644	4c244cd1ebb0e254be6913b5f3136e93a0c923c6275601632cd2611486bc1172
	internal/issues/store_test.go	100644	57f294c57e344dc383d7f532f3571d7ceedfc0ab08c83481b9a20f91de806269
	internal/issues/suggest_test.go	100644	da589e7020900b8d74a7bf08711994bcd438814fb8deee3949487b414b44774c
	internal/issues/sync.go	100644	57de73c6536b6209601f240edcdba0ef132da7f9b590cc618ad842148ac62189
	internal/issues/sync_test.go	100644	69c20d2616cc895e0a38e7d9408356e7fa974bd900eb8719c000ba96bb5d39db
	internal/issues/types.go	100644	b6d97482ffb198b43f918252f63405210a367affc9fd98627a3c93a4255f49bc
	internal/issues/types_test.go	100644	bfd9ddde15bfbfdf0e251381fd830f31e37bd68e59463b4ed1066607976a2695
	internal/plugin/actions_u3_test.go	100644	b27f1a0bee85528d6ed3efe507cf7f0f66484cce3bf8e43b7cb8d208be0d6085
	internal/plugin/actions_u4_test.go	100644	e53feaf2348cc1910aa81c9789a783cc37b7022e23ce7cda5aca86ba967a59cb
	internal/plugin/events.go	100644	50412d0a3e8c7a9e9b462ba8c33a9d238450c6ddc520376dd5e769f5caac0a33
	internal/plugin/events_test.go	100644	64d52dddc8b225a9e4cfcc9bca25763d93e6c20043c7013b4a96ae982c5c2a26
	internal/plugin/host_port.go	100644	7390be0d0b7aa6744acde173a87fb80d5065cb23d4bff6663edc96c7b2b8555b
	internal/plugin/host_port_u3_test.go	100644	c74376cbe390914c29d71d5013d03a3ef3b0dac69b5ba0ce7333d137a3a2d07b
	internal/plugin/issue_actions.go	100644	b519fb96ef2ff6f5e0e42b6e173ddd9e7181dfd2e431b29a6306983f469afce6
	internal/plugin/manifest_test.go	100644	649fdda8dfa1528d26a080efb337a8a317966852b1d029f68d7d219ab57a6979
	internal/plugin/references.go	100644	292f8380d5f320b7897b4e6d881a3655821830a6bab6e66d7958dd2836ca0de4
	internal/plugin/references_test.go	100644	a266f374a1ca18c98aa8b7531d139c37f19e4a73d9a7c1debbf5d5a37b44d528
	internal/plugin/runtime.go	100644	1659b3bc53f099a119068c356deb20a6e3e62681c8b42130c8220c96bf8bffdd
	internal/plugin/runtime_u3_test.go	100644	444777cc9c26fc3f823f11043ce146d8ea0fb66c0b48eb36077c10d6a49aac7d
	manifest.yaml	100644	07af77c4665ced8b4eaf4d6fcaafc78bce3cb8e6254a4cf901afe26c7f978c06
	ui/src/index.test.ts	100644	ac3defdbf43db0d3f02bb3fa2a721db83f3cf49bae5cce02f6f1c5b7d9c9342c
	ui/src/index.ts	100644	326476147d3a3dacb6fb1f1a4c370cc4184e1b3ed6671fd9f9348a59003daa35
	ui/src/issues/i18n.test.ts	100644	f0670ba1e7160c2395235dc5ec99967d613067ff1f0424450e54d6a62d44cb65
	ui/src/issues/i18n.ts	100644	f775df79ddf6c7ec82085077a02cb45808f52d071485c430d9bd4589ead73998
	ui/src/issues/issue-badge.test.tsx	100644	7babac41c4cd1a2691930fcb8a5ad600214b0e90b1d8f120c069a8c2d63e0382
	ui/src/issues/issue-badge.tsx	100644	ab0965aa922fc125234a8d7b577d3752cc19ed45fa62f10c219baf009e11c63b
	ui/src/issues/issue-panel.test.tsx	100644	c793804bad7db839478a3486b3ddc95cada603ff41e8d9edc601771efdea4227
	ui/src/issues/issue-panel.tsx	100644	a26578b7bf5a3283e9c1694a18e52af7b1776456189636bc48c275a314426981
	ui/src/issues/issues-page.test.tsx	100644	d017b4ff13deea3ab1e8c4aed220b5dc03bd2ef7e5153f6f2cef12bb295e9b75
	ui/src/issues/issues-page.tsx	100644	fc7360df80c4b717b07343a2f0c2a28aa4265d18caaa4a757ddde7a78ab03fdf
	ui/src/issues/issues-state.test.ts	100644	b9cb381659520a3cf1d84e2bcca3eb86daede1245a6013a912426fe21607670a
	ui/src/issues/issues-state.ts	100644	b806990edec155417a7aaeb5b7444dc691b15af17eb2abf81acf97c1bc2fb2a9
	ui/src/issues/link-task-dialog.test.tsx	100644	de9cbe1b8ee62bf2a255506d23a04b92e5ab90eceed14136fd176929067ee987
	ui/src/issues/link-task-dialog.tsx	100644	65dfcf849060084eb003e42b3bdb364182cdd401602bbfb73bf02ae035791ed1
	ui/src/issues/links-store.test.ts	100644	4a18eb650ab795221b69da3642256fcdc1a4cb016a9cf7bf75af396d2696b3d0
	ui/src/issues/links-store.ts	100644	2ed7cb8c5f6d457386d62839da5b9fbc58467067efeb5f65160f0311702ec041
	ui/src/issues/poll-interval.test.tsx	100644	30a85e69af82c4e0304c6c025f38a0df12a5067b7c89fbe6b5eaf60b9b32134b
	ui/src/issues/poll-interval.tsx	100644	de89c86ba9afa84b83f0f303e16289c5337d02e5ba2d8a30cb653731dc6195e7
	ui/src/issues/task-menu.test.ts	100644	ac9e0779a60ca9a3ec86c2b59713409054c5a066d44481f671cc0b37a831f5fb
	ui/src/issues/task-menu.ts	100644	61ad608bc1efbaeb45a3b7ced6ff16081de59e2e8c5795f69f15458c91f0fb6c
	ui/src/messages/en.ts	100644	e6a69e02006b4ccd74a79679eb94af8273c5c00310bddf981dff794f8b7eac72
	ui/src/page/BacklogPage.tsx	100644	22c144aee51dcc23e24e9a0abcdf6656f3926a76350c410a3ed1aa9abb2011fb
	ui/src/page/backlog-page.test.tsx	100644	bcfe5dcd14f0ecfed1fa8accbb1c76488132d092887b3ec061e1984158be4f17
	ui/src/settings/SettingsScreen.tsx	100644	dffa716a1c2835ec6fbfa12467264fabc7abd4fd56ce8541a5042dc7e74ce925
	ui/src/settings/confirm-dialog.tsx	100644	9bb7637f41e714bb93b10cbffa7d720d561d5b339fae42964c7321909f918694
	ui/src/settings/connected-panel.test.tsx	100644	288b2936facaba33c70c6ddbd5398b31a7bd9948bf4764dd3bf23cd8c91b6855
	ui/src/settings/connected-panel.tsx	100644	730ab49af565e3e440bfa0dd780395c87837030561e90e28071279903b6f159b
	ui/src/settings/project-picker.test.tsx	100644	054c64888cc8d87c07877c51a013b9121dc8b1a841e4719cd53bf9495bfc5b07
	ui/src/settings/project-picker.tsx	100644	4bae21f0c86e7ab00500b0367e8ecdd11f54063c466acc441e6f7ea54e8c0f16
	ui/src/testing/harness.ts	100644	b4f967526b5c3bf4f3c3354598aba9bca8d864acbcb8cab0b45f0710b551b5a1
