manifest	b65a61f82911f25b2e2fe22327394a68e04db71e34a85ffb01222670a4b913d4	-
	.github/workflows/ci.yml	100644	349de346af4c27d83362c41c531b3c54459b58fa8a2b33e3231a2d4a4c53076d
	.github/workflows/release.yml	100644	b39b017b97a62582ac76802cf859da48102003690ab8f29c1f920460a511cbf7
	Makefile	100644	4ac409789fcfab1935b6b5a1a4315893f34d3f85c7a29984ec5b091607102b8c
	README.md	100644	dfff6388903b5f3a161506efbf2bb4f3fae80afa27a3ba130f4c1077e7d69dd1
	cmd/ci/main.go	100644	53136e7387966178f8f83ececeae250e67e733d66b8327a1a7d38a31b0c8550c
	internal/ci/contract.go	100644	4ded921b0d65b15a303ea626f4eeeb3bcfb94f52b9c5442f91268b74033bb85a
	internal/ci/contract_test.go	100644	4318c52f94f20589f2e898e97692b82e1a604e45394e4a35e1c076325bfff55c
	internal/ci/doc.go	100644	eda4f645daa4575fe933ff6d6565c34e2c070b2f937144d03e4d24a8701ce418
	internal/ci/manifest.go	100644	cc73fac9de117a45edff1e51499007b6cb195c71a87bfde7ed5369096022cecc
	internal/ci/manifest_test.go	100644	7dc359755cd34ab1ab4dfb1f9a545bf1fcb07ee36b187fb4f15d67a1bf3a2f94
	internal/ci/marketplace.go	100644	47a323d5e3f5b5baad7907fe0de5764d8f87cf7a88e681452e43a589d8b44043
	internal/ci/marketplace_test.go	100644	73055eeea80c928514c24cd6d430006e9a08082ef2024979cebd2716c67547cc
	internal/ci/release.go	100644	87297b980740c49514e191a0fe344a8d3b86b2425e2ac7cc0ae8cee704ada08d
	internal/ci/release_test.go	100644	3588bc2b417ce9bb6a6a4d9e78e62894f9a1d3f7876a0dd4aaf22f563391be94
	internal/ci/run.go	100644	29dbbe1a9cbd9cf7f9757896320d1a910afb6e07b71a6a3c1954a8de1c2913b2
	internal/ci/run_test.go	100644	4b1e2b5cf565314ebb7799b03937de5c0522302ed009d74e222c88434dff22ac
	internal/ci/secrets.go	100644	67ca723c68b92bfc8a4e4ad817070b1671665ef8c36713b889fbdb97e16acd02
	internal/ci/secrets_test.go	100644	f5c85d6f85f98c19684eec69b47a7605a7b0b10b4ad12b24e7d3b18a2a6cabda
	internal/ci/workflows.go	100644	4bf3c4f8a68c8ac7c286ec1ac0a6d89410180b162b056009c01dec2fd5be4cbb
	internal/ci/workflows_test.go	100644	1d48f110a0310ccb4c986ca85bf22a5409494ab3555c0188c9f156016bd385b7
